subject,tags,user,resolved,description,date
Slow Network Connection,"['slow internet connection', 'internet speed', 'improve speed']",Riley Smith,True,I've been experiencing a consistently slow internet connection over the past few days. This slowdown is making it extremely challenging to perform my tasks efficiently. Loading web pages and accessing online resources is taking longer than usual. Can you please investigate the root cause of this issue and take the necessary steps to improve my internet speed?,2023-11-03 12:45:32
Printer Malfunction,"['printer problem', 'error messages', 'printer malfunction', 'urgent',]",Morgan Jones,True,"I'm encountering a critical issue with the office printer. It's displaying error messages every time I attempt to print, rendering it unusable. I have several important documents that need to be printed urgently. Could you please prioritize this request and address the printer malfunction as soon as possible?",2023-11-05 09:21:57
Email Delivery Issues,"['email delays', 'missed communication', 'email delivery problem', 'email problem']",Cameron Taylor,True,"I've noticed significant delays in both sending and receiving emails lately. This delay has resulted in missed communication and is affecting my ability to respond to important messages promptly. I rely heavily on email communication for my work, so it's crucial to resolve this issue swiftly. Please investigate and rectify the email delivery problem.",2023-11-07 15:30:18
Software Crashes,"['software crashes', 'daily tasks', 'crashing']",Morgan Davis,True,"The software I use for my daily tasks has been crashing frequently. These crashes are occurring unexpectedly, causing disruptions and potential data loss. I've tried restarting my computer, but the issue persists. Could you please investigate the root cause and provide a solution to prevent these software crashes from happening in the future?",2023-11-08 07:14:55
Forgotten Passwords,"['password reset', 'forgot password', 'account locked', 'access issue']",Taylor Brown,True,I forgot my password and got locked out of my account. Can you please help me reset it so I can access my work?,2023-11-10 20:02:42
VPN Connection Problems,"['VPN', 'connectivity']",Cameron Miller,True,"I'm having trouble connecting to the company's VPN, which I need for remote work. Can you please help me troubleshoot this problem?",2023-11-11 14:58:01
Hardware Failure,"['peripherals', 'monitor', 'keyboard', 'hardware issues']",Skyler Moore,True,"My computer is acting up, and some peripherals like my monitor and keyboard aren't working correctly. Can you assist in resolving these hardware issues?",2023-11-12 02:37:29
Email Spam Attacks,"['spam emails', 'security risks', 'email problem']",Jordan Miller,False,"Lately, I've been receiving an excessive amount of spam emails, and I'm worried about potential security risks. Can you help address this issue?",2023-11-13 19:05:10
Data Backup Errors,['data backup'],Cameron Wilson,False,I encountered some errors while trying to back up important files and data. Can you please help me with this data backup issue?,2023-11-14 04:12:28
Audio/Video Conferencing Issues,"['audio problem', 'camera problem']",Skyler Johnson,False,I'm facing difficulties with audio and video conferencing tools during meetings. It's affecting our collaboration. Can you please assist in resolving this issue?,2023-11-15 22:59:47
Slow Software Performance,"['slow computer', 'performance issue', 'system improvement']",Riley Taylor,True,"My computer has been running slowly, and software applications take a long time to open and respond. Can you please help improve the overall performance of my system?",2023-11-05 17:38:22
Mobile Device Sync Issues,"['syncing', 'mobile device', 'email delays', 'calendar', 'synchronization problem', 'email problem']",Skyler Taylor,True,I'm having trouble syncing my mobile device with my work email and calendar. The updates are not appearing on my device as expected. Can you assist in resolving this synchronization problem?,2023-11-07 08:55:44
Printer Paper Jam,"['paper jam', 'printer problem', 'printing issue']",Casey Jones,True,There's a paper jam in the office printer that I'm unable to clear. It's preventing me from printing important documents. Can you please send someone to fix the printer?,2023-11-09 14:21:09
Password Change Request,"['change password', 'security reasons']",Alex Jones,True,I'd like to change my password for security reasons. Can you provide guidance on how to change my password for my work accounts?,2023-11-10 19:47:56
Software License Renewal,"['software license', 'renewal', 'uninterrupted access', 'critical applications']",Riley Smith,False,"Our software license is about to expire, and I need assistance in renewing it to ensure uninterrupted access to critical applications. Can you help with the license renewal process?",2023-11-11 03:12:33
Mobile App Crashes,"['app crashes', 'mobile app', 'device issue', 'connectivity issue']",Taylor Jones,True,"The mobile app we use for work is crashing frequently on my device, making it challenging to stay connected while on the go. Can you investigate and provide a solution to fix these app crashes?",2023-11-12 10:28:11
Internet Browser Compatibility,"['compatibility issues', 'web-based applications', 'internet browser', 'features not functioning', 'resolving browser compatibility issue']",Skyler Johnson,False,I'm experiencing compatibility issues with our web-based applications on my internet browser. Certain features are not functioning as expected. Can you provide assistance in resolving this browser compatibility issue?,2023-11-13 23:09:27
Remote Desktop Connection Problem,"['remote access', 'connection stability']",Morgan Jones,False,"I'm encountering difficulties while attempting to connect to my work computer remotely. The connection is not stable, and I need remote access for my tasks. Can you help troubleshoot and establish a stable connection?",2023-11-14 06:14:53
Email Signature Update,"['email signature', 'email problem']",Morgan Wilson,False,"I need to update my email signature with new contact information, but I'm unsure how to do it. Can you provide instructions on how to update my email signature?",2023-11-15 16:36:41
File Permission Issue,"['network drive', 'permission issue', 'file permission problem', 'accessing shared file']",Alex Johnson,False,I'm having trouble accessing a shared file on the network drive. It seems to be a permission issue. Can you assist in resolving the file permission problem so I can access the necessary file?,2023-11-15 10:59:59
Software License Activation,"['software license', 'license activation']",Quinn Taylor,True,"I've installed a new software application, but I'm having trouble activating the license. Can you provide guidance on how to activate the software license?",2023-11-01 14:23:37
Email Attachment Error,['email problem'],Alex Brown,False,"I'm experiencing an error when trying to attach files to my emails. It's crucial for my work, and I need assistance in resolving this attachment error.",2023-11-03 05:45:19
Meeting Scheduler Issues,"['meeting', 'scheduling conflicts', 'fixing meeting scheduler problems']",Cameron Jones,True,The meeting scheduler tool we use is not functioning correctly. It's causing scheduling conflicts and confusion among team members. Can you help fix the meeting scheduler problems?,2023-11-05 21:08:54
VPN Authentication Problem,"['VPN', 'remote access',]",Taylor Wilson,True,I'm unable to authenticate and connect to the VPN for secure remote access. It's affecting my ability to work remotely. Can you assist in resolving this VPN authentication issue?,2023-11-06 08:36:28
Computer Freezing,"['computer freezing', 'workflow disruption',]",Taylor Smith,True,"My computer frequently freezes, and I have to restart it to continue working. This issue disrupts my workflow. Can you investigate and provide a solution to prevent the computer from freezing?",2023-11-08 12:57:42
Email Filtering Configuration,"['email filtering', 'spam emails', 'email problem']",Alex Brown,True,I need to configure my email filtering settings to ensure that important emails are not marked as spam. Can you guide me through the email filtering configuration process?,2023-11-09 19:04:15
Video Conferencing Camera Issue,"['camera problem', 'camera issue', 'conferencing tools']",Riley Davis,True,"During video conferencing meetings, my camera is not working correctly. It either doesn't turn on or displays a black screen. Can you help diagnose and resolve this camera issue?",2023-11-10 02:17:03
Access to Intranet Portal,['intranet portal access'],Jamie Moore,True,I'm having trouble accessing our company's intranet portal. It's essential for retrieving important information. Can you assist me in gaining access to the intranet portal?,2023-11-12 16:59:47
Bluetooth Connectivity Problem,"['Bluetooth', 'connectivity problem',]",Casey Johnson,False,My Bluetooth devices are having trouble connecting to my computer. It's affecting my productivity. Can you help troubleshoot and fix this Bluetooth connectivity problem?,2023-11-13 09:41:02
Video Playback Quality,"['camera problem', 'buffering']",Casey Taylor,False,"When watching training videos, the video quality is poor, and it buffers frequently. It's hindering my learning. Can you provide a solution to improve video playback quality?",2023-11-14 22:30:10
Critical Server Outage,"['server down', 'service unavailable', 'disruptions', 'restore server']",Skyler Johnson,True,"Our server is currently down, and all essential services are unavailable. This is causing a significant disruption to our operations. Urgently investigate and restore server functionality.",2023-11-01 09:12:05
Data Breach Alert,"['data breach', 'unauthorized access', 'mitigate risks', 'security measures']",Jordan Wilson,True,"We've detected a potential data breach with unauthorized access to sensitive information. Immediate action is required to investigate the breach, mitigate risks, and strengthen security measures.",2023-11-03 18:47:29
Ransomware Attack,"['ransomware', 'data encryption', 'cybersecurity measures', 'attack containment', 'data restoration']",Quinn Taylor,True,"Our systems have been infected by ransomware, and critical data is encrypted. We need to respond urgently to contain the attack, restore data, and enhance cybersecurity measures.",2023-11-05 10:30:52
Network Infrastructure Failure,"['network infrastructure', 'catastrophic failure', 'connectivity', 'urgent']",Morgan Miller,True,"Our entire network infrastructure has suffered a catastrophic failure, impacting connectivity across the organization. This is a severe issue that requires immediate attention to restore network functionality.",2023-11-06 03:59:14
Email Outage,"['email problem', 'communication', 'outage', 'disruptions', 'urgent']",Cameron Williams,True,"Our email system is currently down, preventing communication within and outside the company. This email outage is causing severe disruptions and needs urgent resolution.",2023-11-08 16:25:39
Critical Software Vulnerability,"['security vulnerability', 'attack', 'urgent']",Alex Jones,True,A critical security vulnerability has been discovered in our core software. Immediate action is needed to patch the vulnerability and prevent potential exploitation by attackers.,2023-11-10 22:36:01
Complete Data Loss,"['data loss', 'data recovery']",Riley Taylor,True,"We've experienced a catastrophic data loss incident, and all critical data appears to be unrecoverable. Urgently investigate data recovery options and prevent further data loss.",2023-11-11 07:04:28
Power Outage,"['outage', 'system shutdown', 'system disruption']",Casey Brown,False,"A sudden power outage has affected our office, leading to a complete shutdown of systems. This power outage is disrupting work. We need assistance in restoring power and systems immediately.",2023-11-12 14:15:50
Security Breach Attempt,"['unauthorized access', 'data breach', 'security measures']",Jamie Brown,False,We've detected multiple unauthorized login attempts and suspect a potential security breach. Urgently investigate the source of the breach and strengthen security measures.,2023-11-14 23:27:17
Critical Application Failure,"['urgent', 'business application', 'workflow']",Casey Jones,False,"One of our critical business applications has failed, and it's impacting crucial operations. Immediate resolution is required to minimize the impact on our workflow.",2023-11-15 13:50:41
Client: Smith Electronics - Product Issue,['computer components'],Casey Brown,True,Client Smith Electronics reported a problem with the latest shipment of computer components. They claim that some of the components are malfunctioning and need immediate attention.,2023-11-03 12:45:32
Client: Johnson Appliances - Delayed Delivery,"['delayed delivery', 'urgent', 'orders']",Skyler Brown,True,Client Johnson Appliances is unhappy with the delayed delivery of their order. They urgently need the products for an upcoming promotion and require a resolution.,2023-11-05 09:21:57
Client: Davis Electronics - Technical Support Request,['software'],Morgan Wilson,True,Client Davis Electronics is experiencing technical difficulties with our software product. They are requesting immediate technical support to resolve the issue.,2023-11-11 16:30:15
Client: Wilson Home Furnishings - Product Defect,"['product defect', 'furniture products']",Riley Davis,False,Client Wilson Home Furnishings has identified a defect in a batch of furniture products they received. They need a quality assurance team to investigate and address the issue.,2023-11-20 14:05:42
Client: Miller Electronics - Billing Discrepancy,['billing discrepancy'],Alex Johnson,False,Client Miller Electronics has reported a billing discrepancy in their recent invoice. They believe they were overcharged and need an immediate resolution.,2023-11-28 21:55:10
