,date,subject,resolved,description
0,2023-11-03 12:45:32,Slow Network Connection,False,I've been experiencing a consistently slow internet connection over the past few days. This slowdown is making it extremely challenging to perform my tasks efficiently. Loading web pages and accessing online resources is taking longer than usual. Can you please investigate the root cause of this issue and take the necessary steps to improve my internet speed?
1,2023-11-05 09:21:57,Printer Malfunction,False,"I'm encountering a critical issue with the office printer. It's displaying error messages every time I attempt to print, rendering it unusable. I have several important documents that need to be printed urgently. Could you please prioritize this request and address the printer malfunction as soon as possible?"
2,2023-11-07 15:30:18,Email Delivery Issues,False,"I've noticed significant delays in both sending and receiving emails lately. This delay has resulted in missed communication and is affecting my ability to respond to important messages promptly. I rely heavily on email communication for my work, so it's crucial to resolve this issue swiftly. Please investigate and rectify the email delivery problem."
3,2023-11-08 07:14:55,Software Crashes,False,"The software I use for my daily tasks has been crashing frequently. These crashes are occurring unexpectedly, causing disruptions and potential data loss. I've tried restarting my computer, but the issue persists. Could you please investigate the root cause and provide a solution to prevent these software crashes from happening in the future?"
4,2023-11-10 20:02:42,Forgotten Passwords,False,I forgot my password and got locked out of my account. Can you please help me reset it so I can access my work?
5,2023-11-11 14:58:01,VPN Connection Problems,False,"I'm having trouble connecting to the company's VPN, which I need for remote work. Can you please help me troubleshoot this problem?"
6,2023-11-12 02:37:29,Hardware Failure,False,"My computer is acting up, and some peripherals like my monitor and keyboard aren't working correctly. Can you assist in resolving these hardware issues?"
7,2023-11-13 19:05:10,Email Spam Attacks,False,"Lately, I've been receiving an excessive amount of spam emails, and I'm worried about potential security risks. Can you help address this issue?"
8,2023-11-14 04:12:28,Data Backup Errors,False,I encountered some errors while trying to back up important files and data. Can you please help me with this data backup issue?
9,2023-11-15 22:59:47,Audio/Video Conferencing Issues,False,I'm facing difficulties with audio and video conferencing tools during meetings. It's affecting our collaboration. Can you please assist in resolving this issue?
10,2023-11-05 17:38:22,Slow Software Performance,False,"My computer has been running slowly, and software applications take a long time to open and respond. Can you please help improve the overall performance of my system?"
11,2023-11-07 08:55:44,Mobile Device Sync Issues,False,I'm having trouble syncing my mobile device with my work email and calendar. The updates are not appearing on my device as expected. Can you assist in resolving this synchronization problem?
12,2023-11-09 14:21:09,Printer Paper Jam,False,There's a paper jam in the office printer that I'm unable to clear. It's preventing me from printing important documents. Can you please send someone to fix the printer?
13,2023-11-10 19:47:56,Password Change Request,False,I'd like to change my password for security reasons. Can you provide guidance on how to change my password for my work accounts?
14,2023-11-11 03:12:33,Software License Renewal,False,"Our software license is about to expire, and I need assistance in renewing it to ensure uninterrupted access to critical applications. Can you help with the license renewal process?"
15,2023-11-12 10:28:11,Mobile App Crashes,False,"The mobile app we use for work is crashing frequently on my device, making it challenging to stay connected while on the go. Can you investigate and provide a solution to fix these app crashes?"
16,2023-11-13 23:09:27,Internet Browser Compatibility,False,I'm experiencing compatibility issues with our web-based applications on my internet browser. Certain features are not functioning as expected. Can you provide assistance in resolving this browser compatibility issue?
17,2023-11-14 06:14:53,Remote Desktop Connection Problem,False,"I'm encountering difficulties while attempting to connect to my work computer remotely. The connection is not stable, and I need remote access for my tasks. Can you help troubleshoot and establish a stable connection?"
18,2023-11-15 16:36:41,Email Signature Update,False,"I need to update my email signature with new contact information, but I'm unsure how to do it. Can you provide instructions on how to update my email signature?"
19,2023-11-15 10:59:59,File Permission Issue,False,I'm having trouble accessing a shared file on the network drive. It seems to be a permission issue. Can you assist in resolving the file permission problem so I can access the necessary file?
20,2023-11-01 14:23:37,Software License Activation,False,"I've installed a new software application, but I'm having trouble activating the license. Can you provide guidance on how to activate the software license?"
21,2023-11-03 05:45:19,Email Attachment Error,False,"I'm experiencing an error when trying to attach files to my emails. It's crucial for my work, and I need assistance in resolving this attachment error."
22,2023-11-05 21:08:54,Meeting Scheduler Issues,False,The meeting scheduler tool we use is not functioning correctly. It's causing scheduling conflicts and confusion among team members. Can you help fix the meeting scheduler problems?
23,2023-11-06 08:36:28,VPN Authentication Problem,False,I'm unable to authenticate and connect to the VPN for secure remote access. It's affecting my ability to work remotely. Can you assist in resolving this VPN authentication issue?
24,2023-11-08 12:57:42,Computer Freezing,False,"My computer frequently freezes, and I have to restart it to continue working. This issue disrupts my workflow. Can you investigate and provide a solution to prevent the computer from freezing?"
25,2023-11-09 19:04:15,Email Filtering Configuration,False,I need to configure my email filtering settings to ensure that important emails are not marked as spam. Can you guide me through the email filtering configuration process?
26,2023-11-10 02:17:03,Video Conferencing Camera Issue,False,"During video conferencing meetings, my camera is not working correctly. It either doesn't turn on or displays a black screen. Can you help diagnose and resolve this camera issue?"
27,2023-11-12 16:59:47,Access to Intranet Portal,False,I'm having trouble accessing our company's intranet portal. It's essential for retrieving important information. Can you assist me in gaining access to the intranet portal?
28,2023-11-13 09:41:02,Bluetooth Connectivity Problem,False,My Bluetooth devices are having trouble connecting to my computer. It's affecting my productivity. Can you help troubleshoot and fix this Bluetooth connectivity problem?
29,2023-11-14 22:30:10,Video Playback Quality,False,"When watching training videos, the video quality is poor, and it buffers frequently. It's hindering my learning. Can you provide a solution to improve video playback quality?"
30,2023-11-01 09:12:05,Critical Server Outage,False,"Our server is currently down, and all essential services are unavailable. This is causing a significant disruption to our operations. Urgently investigate and restore server functionality."
31,2023-11-03 18:47:29,Data Breach Alert,False,"We've detected a potential data breach with unauthorized access to sensitive information. Immediate action is required to investigate the breach, mitigate risks, and strengthen security measures."
32,2023-11-05 10:30:52,Ransomware Attack,False,"Our systems have been infected by ransomware, and critical data is encrypted. We need to respond urgently to contain the attack, restore data, and enhance cybersecurity measures."
33,2023-11-06 03:59:14,Network Infrastructure Failure,False,"Our entire network infrastructure has suffered a catastrophic failure, impacting connectivity across the organization. This is a severe issue that requires immediate attention to restore network functionality."
34,2023-11-08 16:25:39,Email Outage,False,"Our email system is currently down, preventing communication within and outside the company. This email outage is causing severe disruptions and needs urgent resolution."
35,2023-11-10 22:36:01,Critical Software Vulnerability,False,A critical security vulnerability has been discovered in our core software. Immediate action is needed to patch the vulnerability and prevent potential exploitation by attackers.
36,2023-11-11 07:04:28,Complete Data Loss,False,"We've experienced a catastrophic data loss incident, and all critical data appears to be unrecoverable. Urgently investigate data recovery options and prevent further data loss."
37,2023-11-12 14:15:50,Power Outage,False,"A sudden power outage has affected our office, leading to a complete shutdown of systems. This power outage is disrupting work. We need assistance in restoring power and systems immediately."
38,2023-11-14 23:27:17,Security Breach Attempt,False,We've detected multiple unauthorized login attempts and suspect a potential security breach. Urgently investigate the source of the breach and strengthen security measures.
39,2023-11-15 13:50:41,Critical Application Failure,False,"One of our critical business applications has failed, and it's impacting crucial operations. Immediate resolution is required to minimize the impact on our workflow."
40,2023-11-03 12:45:32,Client: Smith Electronics - Product Issue,False,Client Smith Electronics reported a problem with the latest shipment of computer components. They claim that some of the components are malfunctioning and need immediate attention.
41,2023-11-05 09:21:57,Client: Johnson Appliances - Delayed Delivery,False,Client Johnson Appliances is unhappy with the delayed delivery of their order. They urgently need the products for an upcoming promotion and require a resolution.
42,2023-11-11 16:30:15,Client: Davis Electronics - Technical Support Request,False,Client Davis Electronics is experiencing technical difficulties with our software product. They are requesting immediate technical support to resolve the issue.
43,2023-11-20 14:05:42,Client: Wilson Home Furnishings - Product Defect,False,Client Wilson Home Furnishings has identified a defect in a batch of furniture products they received. They need a quality assurance team to investigate and address the issue.
44,2023-11-28 21:55:10,Client: Miller Electronics - Billing Discrepancy,False,Client Miller Electronics has reported a billing discrepancy in their recent invoice. They believe they were overcharged and need an immediate resolution.
